{"Samples":[{"action_label":1,"cost_improvement":[-1.0,-2.0,-1.0,-0.0],"probabilities":[0.024031805045356344,0.9759681949546437,0.0,0.0],"q_hat":19.6,"q_hat_vec":[21.933333333333334,19.6,14.4,15.4],"sample_number":2,"state":{"cat":{"await":"action"},"state_vector":[9,5],"total_inv":14},"z_stat":1.852025917745213},{"action_label":4,"cost_improvement":[14.0,8.333333333333334,2.6666666666666665,-3.0,-2.0,-1.0,-0.0],"probabilities":[0.0,0.0,0.0,0.09107944559821393,0.9088380320361462,4.1261182819916e-05,4.1261182819916e-05],"q_hat":16.0,"q_hat_vec":[29.666666666666668,24.0,18.333333333333332,17.105263157894736,16.0,14.75,15.75],"sample_number":3,"state":{"cat":{"await":"action"},"state_vector":[11,0],"total_inv":11},"z_stat":1.1502173707608494},{"action_label":4,"cost_improvement":[6.333333333333333,0.6666666666666666,-5.0,-4.0,-3.0,-2.0,-1.0,-0.0],"probabilities":[0.0,0.0,0.08909979301055165,0.08909979301055165,0.47003196009802883,0.35176845388086786,0.0,0.0],"q_hat":17.318181818181817,"q_hat_vec":[19.0,13.333333333333334,14.0,12.777777777777779,17.318181818181817,17.40909090909091,11.666666666666666,12.666666666666666],"sample_number":1,"state":{"cat":{"await":"action"},"state_vector":[5,4],"total_inv":9},"z_stat":0.14491376746189572}],"unique_identifier":"lost_sales_EhIBdQlw0AMJFRxI2MKgB9wKZHqbTXUpBzeXkZ47VmM__"}