{"Samples":[{"action_label":3,"cost_improvement":[-5.0,-4.0,-3.0,-2.0,-1.0,-0.0,1.0,2.0],"probabilities":[0.08923329921824223,0.09278227660624667,0.10239916360013646,0.7155852605753747,0.0,0.0,0.0,0.0],"q_hat":13.090909090909092,"q_hat_vec":[18.88888888888889,17.666666666666668,13.909090909090908,13.090909090909092,12.0,13.0,14.0,15.0],"sample_number":5,"state":{"cat":{"await":"action"},"state_vector":[5,5],"total_inv":10},"z_stat":0.9721111047611766},{"action_label":1,"cost_improvement":[-2.0,-1.0,-0.0,1.0],"probabilities":[0.056232743475870456,0.9437672565241294,0.0,0.0],"q_hat":20.666666666666668,"q_hat_vec":[22.333333333333332,20.666666666666668,21.6,22.6],"sample_number":6,"state":{"cat":{"await":"action"},"state_vector":[12,2],"total_inv":14},"z_stat":1.4101901870444158},{"action_label":5,"cost_improvement":[15.0,9.333333333333334,7.0,2.4444444444444446,0.05263157894736842,-0.0],"probabilities":[0.0,0.0,0.0,0.0922828167783506,0.42089368130219396,0.4868235019194556],"q_hat":16.894736842105264,"q_hat_vec":[33.333333333333336,27.666666666666668,25.333333333333332,19.11111111111111,16.94736842105263,16.894736842105264],"sample_number":4,"state":{"cat":{"await":"action"},"state_vector":[10,2],"total_inv":12},"z_stat":0.07276068751089983}],"unique_identifier":"lost_sales_EhIBdQlw0AMJFRxI2MKgB9wKZHqbTXUpBzeXkZ47VmM__"}